www.telegraph.co.uk,2175fdcac2,Spain,Top>Location>GeoPoliticalEntity>Country,3,0,0,3,0,0
www.telegraph.co.uk,467865f1c5,EU,Top>Location>GeoPoliticalEntity,10,6,6,9,4,9
www.telegraph.co.uk,d29f412b4b,United Kingdom,Top>Location>GeoPoliticalEntity>Country,16,6,9,23,6,2
www.telegraph.co.uk,afcc2c5bde,Iran,Top>Location>GeoPoliticalEntity>Country,1,1,0,1,1,0
www.telegraph.co.uk,__2810778859080464127,Jonathan Joseph,Top>Person>FullName,1,0,0,1,0,0
www.telegraph.co.uk,146b84b92b,David Cameron,Top>Person>FullName,7,0,0,4,0,3
www.telegraph.co.uk,e328525500,Facebook,Top>Organization>Company>TechnologyCompany>SoftwareCompany,1,1,1,1,1,1
www.telegraph.co.uk,__1188279264948192375,Hampton I,Top,1,0,0,1,0,0
www.telegraph.co.uk,__2772230076222999797,NatWest Schools Cup,Top,2,0,0,2,0,0
www.telegraph.co.uk,__6405962441456505109,Hampton XV,Top,0,0,1,1,0,0
www.telegraph.co.uk,3d0a16c68d,Madrid,Top>Location>GeoPoliticalEntity>City,1,0,1,1,1,0
www.telegraph.co.uk,__12821489601211998121,Carlton Kuala Lumpur,Top,0,0,3,3,0,0
www.telegraph.co.uk,__15248121818639667244,Andy Lee,Top>Person>FullName,3,0,0,3,0,0
www.telegraph.co.uk,__6160534572114350866,Sportingclass Industry Invitational,Top,0,0,3,3,0,0
www.telegraph.co.uk,__11562738502786125994,**Lord Lester,Top>Person>LastName,0,0,1,1,0,0
www.telegraph.co.uk,__14417665932681505874,Investigatory Powers Bill,Top,0,0,1,1,0,0
www.telegraph.co.uk,786614403d,government,Top>Organization>Government,2,4,3,4,3,2
www.telegraph.co.uk,__6934646409099640514,Chris Rock,Top>Person>FullName,0,1,0,0,1,0
www.telegraph.co.uk,01d0d69c7d,London,Top>Location>GeoPoliticalEntity>City,1,1,3,3,1,1
www.telegraph.co.uk,6ba0075b83,Scottish National Party,Top>Organization>Institute,0,1,2,0,1,2
www.telegraph.co.uk,__2566098403452790255,Crossbench,Top,0,0,1,0,0,1
www.telegraph.co.uk,083d2f75d8,Radio,Top>Person>LastName,1,0,0,1,0,0
www.telegraph.co.uk,__6146171444721476184,Alan Davey,Top>Person>FullName,1,0,0,1,0,0
www.telegraph.co.uk,__7246403718556326773,BBC Radio,Top>Person>LastName,1,0,0,1,0,0
www.telegraph.co.uk,__9228630482393355253,Tony Little,Top>Person>FullName,0,1,0,0,0,1
www.telegraph.co.uk,__5171144246645145968,Mohammed Alloush,Top>Person>FullName,0,0,1,0,1,0
www.telegraph.co.uk,__8962295640930392070,Bashar Ja'afari,Top,1,0,0,0,1,0
www.telegraph.co.uk,8b8d0cb92d,Down,Top>Person>LastName,0,0,1,1,0,0
www.telegraph.co.uk,__1797671362599500632,Syndrome Day,Top,0,1,0,1,0,0
www.telegraph.co.uk,__15111933538679915120,Cue Card,Top,1,0,0,1,0,0
www.telegraph.co.uk,__3737963334748495501,Samantha Ho,Top>Person>FullName,1,0,0,0,0,1
www.telegraph.co.uk,__4264856196534502902,Jamie George,Top>Person>FullName,1,0,0,1,0,0
www.telegraph.co.uk,39da22da11,festival,Top>Event,0,1,0,1,0,0
www.telegraph.co.uk,9666ffe62b,Cheltenham,Top>Location>GeoPoliticalEntity,1,0,0,1,0,0
www.telegraph.co.uk,__4186902774248627144,John Palmer,Top>Person>FullName,0,1,0,0,1,0
www.telegraph.co.uk,24c385a3b1,Daily Telegraph,Top>Product>CulturalProduct>Printing>Newspaper,5,0,0,4,0,1
www.telegraph.co.uk,__8863334362543762527,Media Group,Top>Organization,2,0,0,2,0,0
www.telegraph.co.uk,a258481aec,Vodafone,Top>Organization>Company>TelcoServicesCompany,0,0,4,4,0,0
www.telegraph.co.uk,c2676e0f01,IoT,Top>OtherEntity>MethodSystem,1,0,0,1,0,0
www.telegraph.co.uk,6d25b01cc5,Caitlyn Jenner,Top>Person>FullName,0,0,1,1,0,0
www.telegraph.co.uk,__13538929231459579040,Laverne Cox,Top,1,0,0,1,0,0
www.telegraph.co.uk,__3083099499600237986,Laura Higgins,Top>Person>FullName,1,0,0,1,0,0
www.telegraph.co.uk,cbba07ce39,Accenture plc.,Top>Organization>Company>IndustrialCompany>IndustrialServicesCompany,1,0,1,2,0,0
www.telegraph.co.uk,683f4ceaad,lesbian gay bisexual/pansexual and transgender people,Top>Organization,1,0,0,1,0,0
www.telegraph.co.uk,__4171986692493799888,Brian Robinson,Top>Person>FullName,0,0,1,1,0,0
www.telegraph.co.uk,75644e099a,GlaxoSmithKline,Top>Organization>Company>IndustrialCompany,1,0,1,2,0,0
www.telegraph.co.uk,2f7fb2b8ef,John Lennon,Top>Person>FullName,2,0,0,2,0,0
www.telegraph.co.uk,__9664510726997513861,Michael Wilshaw,Top>Person>FullName,0,1,0,0,0,1
www.telegraph.co.uk,22478879df,Eaton Vance,Top>Organization>Company>FinancialCompany>BankingCompany>InvestmentServices,0,2,1,2,0,1
www.telegraph.co.uk,__17854033535972525989,Conservative Party,Top,0,0,1,1,0,0
www.telegraph.co.uk,297df9b2d4,Downton Abbey,Top>Product>CulturalProduct>Broadcast,1,0,0,1,0,0
www.telegraph.co.uk,__7566888843062771485,Nicky Morgan,Top>Person>FullName,0,0,1,1,0,0
www.telegraph.co.uk,02b09212aa,Farthing,Top>Person>LastName,0,0,1,0,1,0
www.telegraph.co.uk,30e28ef660,Alice,Top>Person>FirstName,0,0,1,0,1,0
www.telegraph.co.uk,__1598528481523596127,Red Queen,Top>Person>FullName,0,0,1,0,1,0
www.telegraph.co.uk,80970fcdd0,Liverpool F. C.,Top>Organization>SportsOrganization>SportsTeam,3,4,0,3,0,4
www.telegraph.co.uk,__8670325219630480293,PFI,Top,0,0,1,0,0,1
www.telegraph.co.uk,c8707269fd,Liverpool,Top>Location>GeoPoliticalEntity>City,0,1,0,0,0,1
www.telegraph.co.uk,10ae72aa5f,Israel,Top>Location>GeoPoliticalEntity>Country,0,0,1,0,0,1
www.telegraph.co.uk,__6645659458403412663,National Jewish Student,Top,0,1,0,0,0,1
www.telegraph.co.uk,__9906621348048870227,Jewish Human Rights Watch,Top,0,0,1,0,0,1
www.telegraph.co.uk,__10083785395259210358,Ofqual,Top,1,0,0,1,0,0
www.telegraph.co.uk,333490a66a,Westminster,Top>Location>GeoPoliticalEntity>City,0,0,1,0,0,1
www.telegraph.co.uk,__7062188162152708814,Patrick Derham,Top>Person>FullName,0,1,0,0,0,1
www.telegraph.co.uk,__17236660261569845881,Stadium,Top>Location>Facility>Sport,1,0,0,1,0,0
www.telegraph.co.uk,__1522696391427105933,Fantasy Cheltenham,Top,1,0,0,1,0,0
www.telegraph.co.uk,__12733499223572349790,Hashim Amla,Top>Person>FullName,0,0,1,0,1,0
www.telegraph.co.uk,252e9cf556,Boris Johnson,Top>Person>FullName,1,2,0,0,0,3
www.telegraph.co.uk,__1310511865696593645,Rugby World Cup,Top,1,1,0,1,0,1
www.telegraph.co.uk,c10236442a,New Zealand,Top>Location>GeoPoliticalEntity>Country,1,1,0,1,0,1
www.telegraph.co.uk,0cffbb9bb0,Republic of Austria,Top>Location>GeoPoliticalEntity>Country,0,1,0,0,1,0
www.telegraph.co.uk,__13767183760610629487,Topps Tiles,Top,0,1,0,1,0,0
www.telegraph.co.uk,__7510382770184099418,Matthew Williams,Top>Person>FullName,1,0,0,1,0,0
www.telegraph.co.uk,__9500273362439021236,Sir Nicholas Soames,Top>Person>FullName,1,0,0,1,0,0
www.telegraph.co.uk,__10376799132028899719,Alexander,Top>Person,1,0,0,1,0,0
www.telegraph.co.uk,37f107638b,Somerset,Top>Location>GeoPoliticalEntity>Adm2,0,0,1,0,1,0
www.telegraph.co.uk,b48a7bca32,Department for Environment, Food and Rural Affairs,Top>Organization>Government,0,1,0,0,1,0
www.telegraph.co.uk,7d830b2f99,OPEC,Top>Organization>InternationalOrganization,0,1,0,0,1,0
www.telegraph.co.uk,__6009398625235959050,Sandra Bland,Top,0,1,0,0,1,0
www.telegraph.co.uk,9054ab8faf,RBC Capital Markets,Top>Organization>Company>FinancialCompany,0,1,0,0,1,0
www.telegraph.co.uk,aff8a328a0,BAE Systems,Top>Organization>Company>IndustrialCompany>IndustrialGoods>AerospaceDefense,1,0,0,0,1,0
www.telegraph.co.uk,beac1b545b,United States,Top>Location>GeoPoliticalEntity>Country,0,2,2,0,4,0
www.telegraph.co.uk,608317864e,Iconix, Inc.,Top>Organization>Company,0,1,0,0,0,1
www.telegraph.co.uk,11ddff2bb0,Dei,Top>Person>FirstName,0,0,1,1,0,0
www.telegraph.co.uk,98db781864,England,Top>Location>GeoPoliticalEntity>Adm1,6,5,4,10,0,5
www.telegraph.co.uk,__8122642415864176516,Jos Buttler,Top,1,0,0,1,0,0
www.telegraph.co.uk,7723685c12,Piers Morgan,Top>Person>FullName,1,0,0,1,0,0
www.telegraph.co.uk,2aa43990cf,Midsomer Murders,Top>Product>CulturalProduct>Broadcast,0,1,0,0,1,0
www.telegraph.co.uk,9b5f2c8d18,Villa,Top>Person>LastName,1,1,0,0,0,2
www.telegraph.co.uk,__12036118971907949489,TG-860,Top,1,0,0,1,0,0
www.telegraph.co.uk,__12376651319548700249,TG-4,Top,1,0,0,1,0,0
www.telegraph.co.uk,__1636123719595495594,Olympus Image,Top,1,0,0,1,0,0
www.telegraph.co.uk,__16397156805351614565,Gareth Johnson,Top>Person>FullName,0,1,0,0,1,0
www.telegraph.co.uk,__16447274081244829431,Scottish Government,Top,0,0,1,0,1,0
www.telegraph.co.uk,__1868189660420254940,Scottish Funding Council,Top>Organization,0,1,0,0,1,0
www.telegraph.co.uk,__9066358085737542614,head teachers,Top>OtherEntity>Title,1,0,0,1,0,0
www.telegraph.co.uk,__6343286198368909756,TFF,Top,1,0,0,1,0,0
www.telegraph.co.uk,__1913036800145615742,UFC,Top,1,0,0,1,0,0
www.telegraph.co.uk,__3159817733598500127,Conor McGregor,Top>Person>FullName,1,0,0,1,0,0
www.telegraph.co.uk,__13763557070011667669,Natwest Cup,Top,1,0,0,1,0,0
www.telegraph.co.uk,8839814bd3,Swansea,Top>Location>GeoPoliticalEntity>City,0,1,0,0,1,0
www.telegraph.co.uk,1961587f47,Juan Mata,Top>Person>FullName,1,0,0,1,0,0
www.telegraph.co.uk,4ac02b89f4,Juan de Mata,Top>Person>FullName,1,0,0,1,0,0
www.telegraph.co.uk,__16552236341026507998,Van Gaal,Top>Person>FullName,2,2,0,2,1,1
www.telegraph.co.uk,317a4037d6,Ferrari,Top>Organization>SportsOrganization>SportsTeam,1,0,0,1,0,0
www.telegraph.co.uk,3706404535,National Democratic Party,Top>Organization>PoliticalParty,0,0,1,0,0,1
www.telegraph.co.uk,872d7cf8bd,RMT,Top>Organization>Institute>LaborUnion,0,1,0,0,0,1
www.telegraph.co.uk,__16255843538934271968,SeaWorld San Diego,Top,1,0,0,1,0,0
www.telegraph.co.uk,__17465602285108734661,Jamir Hussain,Top>Person>FullName,0,0,1,0,0,1
www.telegraph.co.uk,__12940545380979124524,Breast Cancer,Top,0,0,1,0,0,1
www.telegraph.co.uk,__15291004347158898661,National Human Genome Research Institute,Top>Organization>Institute,1,0,0,0,0,1
www.telegraph.co.uk,22c0bec63e,ArsÃ¨ne Wenger,Top>Person>FullName,4,1,0,4,1,0
www.telegraph.co.uk,1df63c0edb,Ross Barkley,Top>Person>FullName,1,0,0,1,0,0
www.telegraph.co.uk,__17870309435412198041,Roberto Martinez,Top>Person>FullName,1,0,1,1,0,1
www.telegraph.co.uk,__10267329860549176504,Benik Afobe,Top,1,0,0,1,0,0
www.telegraph.co.uk,__13950849794278729652,Steve McClaren,Top>Person>FullName,1,0,0,1,0,0
www.telegraph.co.uk,bb5de822e5,Alay,Top>Person>LastName,0,0,1,1,0,0
www.telegraph.co.uk,5cf7628588,Oxford University,Top>Organization>EducationalOrganization>University,3,2,2,5,1,1
www.telegraph.co.uk,199600442b,Justin Bieber,Top>Person>FullName,0,1,0,0,1,0
www.telegraph.co.uk,80752dc4c2,YouTube,Top>Organization>Company>TechnologyCompany>SoftwareCompany,0,1,0,0,1,0
www.telegraph.co.uk,__12073136266638027494,east,Top>Location,1,0,0,1,0,0
www.telegraph.co.uk,__6281802410865038067,west,Top>Location,0,0,1,1,0,0
www.telegraph.co.uk,__8714513630136556965,University of Washington,Top>Organization>EducationalOrganization>University,0,0,1,1,0,0
www.telegraph.co.uk,616b3ea15a,Oxford,Top>Location>GeoPoliticalEntity>City,0,1,0,0,0,1
www.telegraph.co.uk,__2588454471713551550,Rhodes Must Fall,Top,2,0,1,0,0,3
www.telegraph.co.uk,029db85d48,Oxford University Press,Top>Organization>Company>ConsumerGoodsCompany>Discretionary>ConsumerServicesCompany>MediaCompany,0,0,1,1,0,0
www.telegraph.co.uk,__13511439264907818051,All Soul,Top,0,0,1,1,0,0
www.telegraph.co.uk,__5156337710133461229,Key Stage,Top,0,0,1,1,0,0
www.telegraph.co.uk,8887d9b3c2,London School of Economics,Top>Organization>EducationalOrganization>University,0,1,0,1,0,0
www.telegraph.co.uk,__9285095660821095760,York Tories Badger Culling,Top,1,0,0,0,0,1
www.telegraph.co.uk,__11083358657994172055,Intermediate Maths,Top,0,0,1,1,0,0
www.telegraph.co.uk,fe7e8600a6,Cambridge University,Top>Organization>EducationalOrganization>University,0,0,1,1,0,0
www.telegraph.co.uk,__10202475994176047034,Cecil Rhodes,Top>Person>FullName,1,0,1,1,0,1
www.telegraph.co.uk,__12864588164970979334,Jamie Li,Top>Person>FullName,0,0,1,1,0,0
www.telegraph.co.uk,__709474758131519325,Telegraph Finals,Top,0,1,0,1,0,0
www.telegraph.co.uk,__7818195661816241966,Legishon,Top,1,0,0,1,0,0
www.telegraph.co.uk,380e054462,Kenya,Top>Location>GeoPoliticalEntity>Country,2,0,1,2,0,1
www.telegraph.co.uk,__3559359029874047134,Saruni Samburu,Top,1,0,0,1,0,0
www.telegraph.co.uk,__5755831402988629122,Samburu National Reserve,Top,0,0,1,1,0,0
www.telegraph.co.uk,__14702586935890205579,Tsavo East,Top,0,1,0,0,0,1
www.telegraph.co.uk,__14228757437424922665,Nitro Diesel,Top,1,0,0,1,0,0
www.telegraph.co.uk,b604633911,Shell,Top>Organization>Company>IndustrialCompany,3,0,0,3,0,0
www.telegraph.co.uk,__10065719648651549158,VWCV,Top,3,0,0,3,0,0
www.telegraph.co.uk,7266294f7b,Wood,Top>Person>LastName,0,1,0,1,0,0
www.telegraph.co.uk,__1581503063041792934,Stephen Turner,Top>Person>FullName,1,0,0,1,0,0
www.telegraph.co.uk,__14513084159737361514,Harrod Blank,Top,0,0,1,1,0,0
www.telegraph.co.uk,__16532842981487150088,Caddy Life,Top,1,0,0,1,0,0
www.telegraph.co.uk,__6511155792793115894,Caddy Maxi Life,Top,1,0,0,1,0,0
www.telegraph.co.uk,__13783787865212523292,Doubleback,Top,0,0,1,1,0,0
www.telegraph.co.uk,__17863174275866761643,Caddy Maxi,Top,1,0,0,1,0,0
www.telegraph.co.uk,__7801985386050922969,Transporter California,Top,1,0,0,1,0,0
www.telegraph.co.uk,__16355515433648141774,Robert,Top>Person,0,0,1,1,0,0
www.telegraph.co.uk,__16529362043008529761,best](http://i.telegraph.co.uk/multimedia/archive/03559/vw-van-signs-,Top>Id>Url,1,0,0,1,0,0
www.telegraph.co.uk,__3314446922231386607,alamy_3559032n.jpg,Top>Id>Url,0,0,1,1,0,0
www.telegraph.co.uk,__6229142360221875404,Transporter Highline,Top,1,0,0,1,0,0
www.telegraph.co.uk,__721807760250710375,Volkswagen Transporter,Top,1,0,0,1,0,0
www.telegraph.co.uk,__9038911575077597085,Arthur Patterson,Top>Person>FullName,0,0,1,0,1,0
www.telegraph.co.uk,__7891878254841217595,Tony Durrant,Top>Person>FullName,1,0,0,1,0,0
www.telegraph.co.uk,c67e699631,North Sea,Top>Location>GeographicalEntity>WaterForm>Sea,1,0,0,1,0,0
www.telegraph.co.uk,835c6ae83b,FTSE 100,Top>OtherEntity>IndexName>EconomicIndexName>StockIndexName,0,0,1,1,0,0
www.telegraph.co.uk,__9156364870747488145,SAB,Top,0,0,1,1,0,0
www.telegraph.co.uk,b8ad79f24c,Anheuser-Busch Inbev,Top>Organization>Company>IndustrialCompany>IndustrialServicesCompany,0,0,1,1,0,0
www.telegraph.co.uk,00d6211404,Garde,Top>Person>FirstName,2,0,0,2,0,0
www.telegraph.co.uk,__1204471098310298722,Joaquin Guzman,Top>Person>FullName,0,0,1,1,0,0
www.telegraph.co.uk,__3674994842150216918,David Haye,Top>Person>FullName,0,1,1,0,0,2
www.telegraph.co.uk,__764635488463669084,Dave Haye,Top>Person>FullName,0,1,0,0,0,1
www.telegraph.co.uk,ff8c4bdf84,Illumina, Inc.,Top>Organization>Company>HealthcareCompany>HealthcareEquipmentCompany,2,0,0,0,0,2
www.telegraph.co.uk,253b90c761,Siri,Top>OtherEntity>MethodSystem,2,0,0,0,0,2
www.telegraph.co.uk,__12745854710387730399,Artfinder,Top,2,0,0,2,0,0
www.telegraph.co.uk,__569547270023627090,Angela Roldan,Top>Person>FullName,0,0,2,2,0,0
www.telegraph.co.uk,__6832450884871794552,My Hotels,Top,0,0,2,2,0,0
www.telegraph.co.uk,2f864ba184,Coral,Top>Person>FirstName,1,0,0,1,0,0
www.telegraph.co.uk,__6931749964941692662,Howard Gosling,Top>Person>FullName,0,0,1,0,0,1
www.telegraph.co.uk,0c3b9ef232,John Terry,Top>Person>FullName,0,1,0,1,0,0
www.telegraph.co.uk,fcd15a4894,Guus Hiddink,Top>Person>FullName,2,0,0,2,0,0
www.telegraph.co.uk,__12811332620104776895,Liam Williams,Top>Person>FullName,1,0,0,0,0,1
www.telegraph.co.uk,__14652313709321173034,Warren Gatland,Top>Person>FullName,0,1,0,0,0,1
www.telegraph.co.uk,__11823543548842932012,Bruce Grobbelaar,Top>Person>FullName,1,0,0,1,0,0
www.telegraph.co.uk,__15684532910417819819,Paul Dalglish,Top>Person>FullName,0,0,1,1,0,0
www.telegraph.co.uk,__12499709431316371443,China Watch,Top,0,0,3,3,0,0
www.telegraph.co.uk,__4547362582448064135,China Daily,Top,0,0,3,3,0,0
www.telegraph.co.uk,__1686764388320013165,David Chapple of The Business Travel Show,Top,0,0,2,2,0,0
www.telegraph.co.uk,__3917189951119771694,Carlson Wagonlit Travel,Top,0,0,1,1,0,0
www.telegraph.co.uk,__12630590285223556914,Global Business Travel Association,Top,0,0,1,1,0,0
www.telegraph.co.uk,c94f1d5ad1,Singapore,Top>Location>GeoPoliticalEntity>City,0,0,1,1,0,0
www.telegraph.co.uk,__9076487397725526638,Business Travel Show,Top,1,0,0,1,0,0
www.telegraph.co.uk,e82ce9ee89,Airbnb,Top>Organization>Company>IndustrialCompany>IndustrialServicesCompany>CommercialServices,1,0,0,1,0,0
www.telegraph.co.uk,__10260104673034560170,Vivid Sydney Festival,Top>Event,1,0,0,1,0,0
www.telegraph.co.uk,__9120709111609782511,Sydney Harbour Bridge,Top,1,0,0,1,0,0
www.telegraph.co.uk,__13114366033522847590,Clifford Constable,Top>Person>FullName,0,1,0,1,0,0
www.telegraph.co.uk,__4571722277777982185,Magnus Bashaarat,Top>Person>FullName,0,1,0,1,0,0
www.telegraph.co.uk,04c94ca238,Office of Communications,Top>Organization>Institute>EnterpriseAssociation,0,0,1,0,1,0
www.telegraph.co.uk,417e551d9a,Scotland,Top>Location>GeoPoliticalEntity>Adm1,1,1,1,2,1,0
www.telegraph.co.uk,d8d061fedd,Everton,Top>Organization>SportsOrganization>SportsTeam,2,2,1,3,0,2
www.telegraph.co.uk,8bb2e37148,JÃ¼rgen Klopp,Top>Person>FullName,1,1,0,1,0,1
www.telegraph.co.uk,e4f18bfd85,Priti Patel,Top>Person>FullName,0,0,1,1,0,0
www.telegraph.co.uk,__16552302910866924506,Bobby Dundas,Top,1,0,0,1,0,0
www.telegraph.co.uk,0209e4defc,Barclays PLC,Top>Organization>Company>FinancialCompany>BankingCompany>BankingServices>Bank,0,1,0,0,0,1
www.telegraph.co.uk,__12329842749230740774,Sally Grant,Top>Person>FullName,1,0,0,0,0,1
www.telegraph.co.uk,1cdc48c821,Pep Guardiola,Top>Person>FullName,0,0,1,1,0,0
www.telegraph.co.uk,0b21b097c4,Summer,Top>Person>FirstName,1,0,0,0,0,1
www.telegraph.co.uk,192765d4b9,Shanghai,Top>Location>GeoPoliticalEntity>City,1,0,1,2,0,0
www.telegraph.co.uk,__8872985737438401319,Xu Genbao,Top>Person>FullName,1,0,0,1,0,0
www.telegraph.co.uk,e08a5dda30,China,Top>Location>GeoPoliticalEntity>Country,6,2,1,6,1,2
www.telegraph.co.uk,__10220979502092258075,Daniel Bryan,Top>Person>FullName,1,0,0,1,0,0
www.telegraph.co.uk,__18333002570635005857,Bryan Danielson,Top>Person>FullName,1,0,0,1,0,0
www.telegraph.co.uk,__13008777061394391711,Ashton Turner,Top>Person>FullName,1,0,0,1,0,0
www.telegraph.co.uk,64a20c0c7d,Jiangsu,Top>Location>GeoPoliticalEntity>Adm2,0,1,1,2,0,0
www.telegraph.co.uk,824381ea2d,Guangdong,Top>Location>GeographicalEntity>NaturalReserve,0,0,1,1,0,0
www.telegraph.co.uk,__13785355520341558946,Year of the Monkey,Top,1,0,0,1,0,0
www.telegraph.co.uk,__7312351025167020161,Spring Festival,Top>Event,1,0,0,1,0,0
www.telegraph.co.uk,bd2ccefa37,Beijing,Top>Location>GeoPoliticalEntity>City,0,0,1,1,0,0
www.telegraph.co.uk,__5323768319714434612,Kirsten Stagg,Top>Person>FullName,0,0,1,1,0,0
www.telegraph.co.uk,__17792562718513432851,Visit Alderney,Top,1,0,0,1,0,0
www.telegraph.co.uk,c9647f9031,Deutsche Bank,Top>Organization>Company>FinancialCompany>BankingCompany>BankingServices>Bank,0,1,0,0,1,0
www.telegraph.co.uk,b5fbe00078,Countryfile,Top>Product>CulturalProduct>Broadcast,0,1,0,1,0,0
www.telegraph.co.uk,__5502615121985624528,The Real Marigold Hotel,Top>Organization>Company>ConsumerGoodsCompany>Discretionary>ConsumerServicesCompany>Hotels,0,0,1,0,0,1
www.telegraph.co.uk,__16699204341433705281,Spike Lee,Top>Person>FullName,0,0,1,1,0,0
www.telegraph.co.uk,__2463176012946233132,Jada Pinkett,Top>Person>FullName,0,0,1,1,0,0
www.telegraph.co.uk,cffc41ec82,Will Smith,Top>Person>FullName,0,0,1,1,0,0
www.telegraph.co.uk,7a2664fc70,Ukraine,Top>Location>GeoPoliticalEntity>Country,0,1,1,0,1,1
www.telegraph.co.uk,907362c725,Crimea,Top>Location>GeographicalEntity>LandForm,1,0,0,0,0,1
www.telegraph.co.uk,a4f222c5f5,Crimea,Top>Person>LastName,1,0,1,0,1,1
www.telegraph.co.uk,1c59be50d7,Sussex,Top>Location>GeoPoliticalEntity>Adm2,1,0,0,1,0,0
www.telegraph.co.uk,__17538308155440611798,Matthew Hobden,Top>Person>FullName,1,0,0,1,0,0
www.telegraph.co.uk,24546ef0fe,Watford,Top>Organization>SportsOrganization>SportsTeam,0,0,1,0,0,1
www.telegraph.co.uk,__9870666281098798771,Nick Easter,Top,1,0,0,1,0,0
www.telegraph.co.uk,__6332428168634048131,England Test,Top,0,0,1,0,0,1
www.telegraph.co.uk,5ce5cc830b,Wales,Top>Location>GeoPoliticalEntity>Adm1,1,0,2,3,0,0
www.telegraph.co.uk,f9a6488fa3,World Cup,Top>Event>Occasion>Games,2,0,0,2,0,0
www.telegraph.co.uk,1bd78c0260,Dover,Top>Location>GeoPoliticalEntity>City,0,0,1,0,1,0
www.telegraph.co.uk,735ef4214e,West Ham,Top>Location>GeoPoliticalEntity>District,1,1,1,1,0,2
www.telegraph.co.uk,__9813871726144464502,Andros Townsend,Top,0,1,0,0,1,0
www.telegraph.co.uk,b74476988a,Alberto Giacometti,Top>Person>FullName,0,1,0,1,0,0
www.telegraph.co.uk,85c9d18db8,Italy,Top>Location>GeoPoliticalEntity>Country,1,0,2,3,0,0
www.telegraph.co.uk,__8292596932000467081,Caz Hildebrand,Top,1,0,0,1,0,0
www.telegraph.co.uk,__14328161745965815049,Bruno Cernecca,Top>Person>FullName,1,0,0,1,0,0
www.telegraph.co.uk,__18175988663025294500,Settefilari Lambrusco Reggiano,Top,1,0,0,1,0,0
www.telegraph.co.uk,__11566376344462681309,Natoora,Top,1,0,0,1,0,0
www.telegraph.co.uk,14fede7876,Renzo Piano,Top>Person>FullName,0,0,1,1,0,0
www.telegraph.co.uk,__3065940011364489531,Elisabetta Tovo,Top>Person>FullName,0,0,1,1,0,0
www.telegraph.co.uk,__17811838973462853800,Katie Caldesi,Top>Person>FullName,1,0,0,1,0,0
www.telegraph.co.uk,1fcdc3a3c4,Hytop,Top>Location>GeoPoliticalEntity,0,0,1,1,0,0
www.telegraph.co.uk,__14654069170647642691,Cou_3486616n.jpg,Top>Id>Url,1,0,0,1,0,0
www.telegraph.co.uk,__16080738116000750972,box](http://i.telegraph.co.uk/multimedia/archive/03486/RBS-Green-Kids-,Top>Id>Url,0,0,1,1,0,0
www.telegraph.co.uk,0db1b25b2b,Twitter,Top>Organization>Company>TechnologyCompany>SoftwareCompany,1,1,0,2,0,0
www.telegraph.co.uk,__10494365325851158833,NatWest Reward,Top,1,0,0,1,0,0
www.telegraph.co.uk,__4647807666766550593,Avios,Top,1,0,0,1,0,0
www.telegraph.co.uk,__5415343266285678105,Money Lite,Top,1,0,0,1,0,0
www.telegraph.co.uk,__11669182786132059282,Money Advice Service,Top>Product>ProfessionalService,1,0,0,1,0,0
www.telegraph.co.uk,__2432343197965321395,NatWest,Top,2,0,0,1,0,1
www.telegraph.co.uk,__6586148170870035219,waterwise.org.uk,Top>Id>Url,0,0,1,1,0,0
www.telegraph.co.uk,__8067739470615642270,Energy Saving Trust,Top,0,0,1,1,0,0
www.telegraph.co.uk,__861693050564098566,Hive Home,Top,0,0,1,1,0,0
www.telegraph.co.uk,969da9a3ea,Bethe,Top>Person>LastName,1,0,0,1,0,0
www.telegraph.co.uk,b446aaab10,Getty,Top>Person>LastName,0,0,1,1,0,0
www.telegraph.co.uk,53f2f5f917,Xi Jinping,Top>Person>FullName,2,0,0,2,0,0
www.telegraph.co.uk,__5001943340848305475,China Joint Presidential Statement,Top,1,0,0,1,0,0
www.telegraph.co.uk,26c656998b,New York,Top>Location>GeoPoliticalEntity>City,0,1,0,0,0,1
www.telegraph.co.uk,__2298978344935819024,Pants Subway Ride,Top,1,0,0,0,0,1
www.telegraph.co.uk,__43296926337802789,London Underground Photo,Top,1,0,0,0,0,1
www.telegraph.co.uk,__12845351023085699183,junior doctors,Top>OtherEntity>Title,0,1,0,0,0,1
www.telegraph.co.uk,__3922279732386954320,Carol,Top>Person,0,0,1,0,0,1
www.telegraph.co.uk,2c50c01feb,Ziggy Stardust,Top>Person>FullName,0,0,1,1,0,0
www.telegraph.co.uk,a014d02bc9,David Bowie,Top>Person>FullName,1,1,1,2,1,0
www.telegraph.co.uk,__13893836024356736730,Angie Bowie,Top>Person>FullName,1,1,0,0,1,1
www.telegraph.co.uk,4ad6f809f7,Emmy,Top>OtherEntity>Award,1,0,0,1,0,0
www.telegraph.co.uk,438625c1fe,Saint Lucia,Top>Location>GeoPoliticalEntity>Country,4,0,1,5,0,0
www.telegraph.co.uk,__7974087646932993184,Viceroy Resort,Top,1,0,0,1,0,0
www.telegraph.co.uk,04b9bc747a,Christchurch,Top>Location>GeoPoliticalEntity>City,0,1,0,0,0,1
www.telegraph.co.uk,__17391706583662820362,Keven Mealamu,Top>Person>FullName,0,1,0,0,0,1
www.telegraph.co.uk,__17514348896780599215,George Martin,Top>Person>FullName,0,1,0,1,0,0
www.telegraph.co.uk,__14563901044289140273,Louis Richardson,Top>Person>FullName,1,0,0,0,0,1
www.telegraph.co.uk,b225d3513e,The X-Files,Top>Product>CulturalProduct>Broadcast,1,0,0,0,1,0
www.telegraph.co.uk,75b61148c3,larry Gagosian,Top>Person>FullName,0,1,0,0,0,1
www.telegraph.co.uk,bfda152583,Pelham,Top>Location>GeoPoliticalEntity,1,0,0,0,0,1
www.telegraph.co.uk,f9d0871259,Picasso,Top>Person>FullName,0,0,1,0,0,1
www.telegraph.co.uk,__2982129514991485837,Yahoo Messenger,Top,1,0,0,0,0,1
www.telegraph.co.uk,__8847904403158771991,Barbulescu,Top>Person>FullName,0,0,1,0,0,1
www.telegraph.co.uk,495d651de5,Google, Inc.,Top>Organization>Company>TechnologyCompany>SoftwareCompany,2,0,1,3,0,0
www.telegraph.co.uk,a3fbdb9e23,Apple,Top>Organization>Company>TechnologyCompany>TechnologyEquipmentCompany,2,2,1,4,0,1
www.telegraph.co.uk,52690ad78e,Silicon Valley,Top>Location>GeoPoliticalEntity>Adm2,0,0,1,1,0,0
www.telegraph.co.uk,__18352447009213877113,Jus Sail,Top,1,0,0,1,0,0
www.telegraph.co.uk,__12707909124847560010,Runner-up Prize,Top,1,0,0,1,0,0
www.telegraph.co.uk,__17295546457857834965,Prize Draw Winners,Top,1,0,0,1,0,0
www.telegraph.co.uk,__6590944730039229828,Saint Lucia Tourist Board,Top,1,0,0,1,0,0
www.telegraph.co.uk,__15220157738306963293,Charles Perrault,Top>Person>FullName,1,0,0,0,0,1
www.telegraph.co.uk,__3249845174346274512,Cinderella Google,Top,1,0,0,0,0,1
www.telegraph.co.uk,3e256845d0,Brexit,Top>Event,0,0,1,1,0,0
www.telegraph.co.uk,__2623929913137791929,John Penrose,Top>Person>FullName,0,0,1,1,0,0
www.telegraph.co.uk,__4068081009093646052,Life Bill,Top,1,0,0,1,0,0
www.telegraph.co.uk,__14793741736028821298,Elisabeth Koch,Top>Person>FullName,0,1,0,1,0,0
www.telegraph.co.uk,ce600ca0be,BBC,Top>Organization>Company>ConsumerGoodsCompany>Discretionary>ConsumerServicesCompany>MediaCompany,0,2,0,2,0,0
www.telegraph.co.uk,463577eb0d,British Medical Association,Top>Organization>Institute>ProfessionalAssociation,2,0,1,1,0,2
www.telegraph.co.uk,__2017264147319736557,British Travel,Top,1,0,0,0,0,1
www.telegraph.co.uk,__8770202584767695043,Davie Jones,Top,1,0,0,0,0,1
www.telegraph.co.uk,__11420512583606939646,Rosie Huntington-Whiteley,Top>Person>FullName,1,0,0,1,0,0
www.telegraph.co.uk,__5841036035210186034,Jason Statham,Top>Person>FullName,0,1,0,1,0,0
www.telegraph.co.uk,6dee90c68a,HTC,Top>Organization>Company>TechnologyCompany>TechnologyEquipmentCompany>Communication,1,0,0,1,0,0
www.telegraph.co.uk,__3204378389063537673,Vive Pre,Top>Person>FullName,1,0,0,1,0,0
www.telegraph.co.uk,a2b082e273,Spotify,Top>Product>ProfessionalService>LeisureService,1,0,0,1,0,0
www.telegraph.co.uk,e9deaf2b0b,Apple Music,Top>Product>ProfessionalService>LeisureService,1,0,0,1,0,0
www.telegraph.co.uk,db931772d4,White House,Top>Location>Facility,0,0,1,0,0,1
www.telegraph.co.uk,a5bdfdaf19,Xiaomi,Top>Organization>Company>TechnologyCompany,1,0,0,1,0,0
www.telegraph.co.uk,fe05a0e8d2,Google Maps,Top>Product>ProfessionalService>TelecommunicationsService,0,0,1,1,0,0
www.telegraph.co.uk,b1dca63243,Ee,Top>Person>FirstName,0,1,0,0,1,0
www.telegraph.co.uk,c3fe847011,TelefÃ³nica,Top>Organization>Company>TelcoServicesCompany,0,1,0,0,1,0
www.telegraph.co.uk,__13163303992673446507,SHS,Top,1,0,0,0,1,0
www.telegraph.co.uk,__6788933585595195560,High Court Photo,Top,0,1,0,0,1,0
www.telegraph.co.uk,af0e6b3e48,Queen,Top>Person>LastName,0,0,1,0,1,0
www.telegraph.co.uk,8faf8322a4,Tesla,Top>Person>LastName,0,0,1,1,0,0
www.telegraph.co.uk,__1802158641546330392,Liverpool Echo Grujic,Top,0,1,0,0,1,0
www.telegraph.co.uk,__8024945440790883925,Grujic,Top,0,1,0,0,1,0
www.telegraph.co.uk,47e7283736,Chelsea,Top>Location>GeoPoliticalEntity>District,4,1,1,6,0,0
www.telegraph.co.uk,__1692145176888995493,Ruben Loftus,Top>Person>FullName,0,0,1,1,0,0
www.telegraph.co.uk,62fba5ac96,Bournemouth,Top>Location>GeoPoliticalEntity>City,1,0,0,1,0,0
www.telegraph.co.uk,04a91de0f0,United Airlines,Top>Organization>Company>IndustrialCompany>TransportationCompany,1,0,1,2,0,0
www.telegraph.co.uk,485e2cd1d2,Besiktas,Top>Organization>SportsOrganization>SportsTeam,1,0,0,1,0,0
www.telegraph.co.uk,__7285342799800162229,Pierre-Emerick Aubameyang,Top>Person>FullName,0,0,1,1,0,0
www.telegraph.co.uk,__13121761717257584581,Harry Kane,Top>Person>FullName,1,1,0,2,0,0
www.telegraph.co.uk,__1934772469261625151,United,Top>Organization>Company,0,1,0,0,1,0
www.telegraph.co.uk,528edbd8d8,Messi,Top>Person>FullName,1,0,0,1,0,0
www.telegraph.co.uk,__7287202278916192683,Wanderers Test,Top,1,0,0,1,0,0
www.telegraph.co.uk,__1983407370188026367,EBacc Photo,Top,1,0,0,1,0,0
www.telegraph.co.uk,__12630962112915295797,Louise Richardson,Top>Person>FullName,1,0,0,1,0,0
www.telegraph.co.uk,0a5f0f1f6b,A-Level,Top>OtherEntity>MethodSystem,1,0,0,1,0,0
www.telegraph.co.uk,__7011880379257030457,Rhodes,Top>Person,0,0,1,0,1,0
www.telegraph.co.uk,a1e2acfebb,tea,Top>Product>Food>Beverage,0,0,1,1,0,0
www.telegraph.co.uk,bd21a1cec2,France,Top>Location>GeoPoliticalEntity>Country,1,0,0,1,0,0
www.telegraph.co.uk,__11921018036856218231,Peter Lampl,Top>Person>FullName,1,0,0,1,0,0
www.telegraph.co.uk,__4539621364165492544,Angela Constance,Top>Person>FullName,1,0,0,1,0,0
www.telegraph.co.uk,1aba664848,Imgur,Top>Organization>Company>TechnologyCompany>SoftwareCompany,1,0,0,1,0,0
www.telegraph.co.uk,029f173ed9,Rainer,Top>Person>LastName,0,1,0,0,1,0
www.telegraph.co.uk,__12353192680384447679,Heron Island,Top>Location>GeographicalEntity>LandForm>Isle,0,1,0,0,1,0
www.telegraph.co.uk,0f9626b293,Utah,Top>Location>GeoPoliticalEntity>Adm1,1,0,0,1,0,0
www.telegraph.co.uk,__14341350027036036253,White People,Top,0,0,1,1,0,0
www.telegraph.co.uk,__16545790584023824544,st. Peter Fury,Top,0,1,0,1,0,0
www.telegraph.co.uk,__7553874367805429082,Tyson Fury,Top,0,1,0,1,0,0
www.telegraph.co.uk,__3642605442186475088,Durban Test Smith,Top,1,0,0,1,0,0
www.telegraph.co.uk,068b669e70,Manchester City,Top>Organization>SportsOrganization>SportsTeam,0,0,1,1,0,0
www.telegraph.co.uk,f1cf5430aa,Romelu Lukaku,Top>Person>FullName,1,0,1,2,0,0
www.telegraph.co.uk,2f31ab3504,Lorenzo Insigne,Top>Person>FullName,1,0,0,1,0,0
www.telegraph.co.uk,9f1f744528,Naples,Top>Location>GeoPoliticalEntity>City,1,0,0,1,0,0
www.telegraph.co.uk,329c17d802,Exeter,Top>Location>GeoPoliticalEntity>City,0,1,0,1,0,0
www.telegraph.co.uk,3936341e8e,Northampton,Top>Location>GeoPoliticalEntity>City,0,1,0,1,0,0
www.telegraph.co.uk,__17781879774085053794,Eddie Jones,Top>Person>FullName,1,2,0,2,0,1
www.telegraph.co.uk,__6645234621456761367,PPCI,Top,1,0,0,1,0,0
www.telegraph.co.uk,__221747500910076152,Wayne Rogers,Top>Person>FullName,0,1,1,0,1,1
www.telegraph.co.uk,__12246370455805936048,Sir William Arbuthnot Lane,Top>Person>FullName,1,0,0,0,0,1
www.telegraph.co.uk,__2416774253311428499,The Jump,Top,1,0,0,1,0,0
www.telegraph.co.uk,__4614744055854077025,Davina McCall,Top>Person>FullName,0,0,1,1,0,0
www.telegraph.co.uk,__28462475116399567,Bill Ford,Top,1,0,0,1,0,0
www.telegraph.co.uk,6351027488,Durham,Top>Person>LastName,1,0,0,1,0,0
www.telegraph.co.uk,__6207977983545196479,Bramhope Primary School,Top,0,0,1,1,0,0
www.telegraph.co.uk,__6079063623880005081,Isabel,Top>Person,0,0,1,1,0,0
www.telegraph.co.uk,aa013efa70,Premier League,Top>Event>Occasion>Games,2,3,0,4,1,0
www.telegraph.co.uk,__7451921363106870477,Azhar Ali,Top,1,0,0,1,0,0
www.telegraph.co.uk,__8258891150189687269,Mohammad Amir,Top>Person>FullName,1,0,0,1,0,0
www.telegraph.co.uk,__4089007910457959347,Sam Byram,Top>Person>FullName,0,1,0,1,0,0
www.telegraph.co.uk,4f994c1e69,Durban,Top>Location>GeoPoliticalEntity>City,1,0,0,1,0,0
www.telegraph.co.uk,__2268721398487972796,Nick Compton,Top>Person>FullName,1,0,0,1,0,0
www.telegraph.co.uk,6e4461ffd3,South Africa,Top>Location>GeoPoliticalEntity>Country,0,0,1,1,0,0
www.telegraph.co.uk,__6914020372336575486,James Dasaolu,Top>Person>FullName,0,1,0,0,0,1
www.telegraph.co.uk,da020082b1,Leicester City,Top>Organization>SportsOrganization>SportsTeam,2,0,0,2,0,0
www.telegraph.co.uk,__18442039417421308349,James Wilson,Top>Person>FullName,0,0,1,1,0,0
www.telegraph.co.uk,a726d9a068,Javier HernÃ¡ndez,Top>Person>FullName,1,0,0,1,0,0
www.telegraph.co.uk,__12582654839112902543,Sturridge_3521423b.jpg,Top>Id>Url,0,0,1,0,0,1
www.telegraph.co.uk,__12727201302864768870,Klopp,Top,0,1,0,0,0,1
www.telegraph.co.uk,__815995382166712671,Chris Wyles,Top>Person>FullName,0,0,1,1,0,0
www.telegraph.co.uk,6a9ea07a9b,Channel 4,Top>Organization>Company>ConsumerGoodsCompany>Discretionary>ConsumerServicesCompany>MediaCompany,1,0,0,1,0,0
www.telegraph.co.uk,2a4e58db97,James RodrÃ­guez,Top>Person>FullName,0,1,0,0,1,0
www.telegraph.co.uk,__10290616834234814104,Freddie Burns,Top>Person>FullName,0,1,0,0,0,1
www.telegraph.co.uk,__2823493647116785710,Gerrard Liverpool,Top,1,0,0,1,0,0
www.telegraph.co.uk,7dc495fc3e,Slaven Bilic,Top>Person>FullName,1,0,0,1,0,0
www.telegraph.co.uk,__16704616651125196539,Mark Cavendish,Top>Person>FullName,0,1,0,1,0,0
www.telegraph.co.uk,f9b79685ed,Sunderland,Top>Organization>SportsOrganization>SportsTeam,1,0,1,2,0,0
www.telegraph.co.uk,453aa927de,Diego Costa,Top>Person>FullName,0,1,0,1,0,0
www.telegraph.co.uk,1e48b6d321,Gerrard,Top>Location>GeoPoliticalEntity,0,1,0,1,0,0
www.telegraph.co.uk,b145f76f50,Wayne Rooney,Top>Person>FullName,1,0,0,1,0,0
www.telegraph.co.uk,4a3297e8e5,Walcott,Top>Person>LastName,1,0,0,1,0,0
www.telegraph.co.uk,5b62c6b828,Ã–zil,Top>Person>FullName,1,0,0,1,0,0
www.telegraph.co.uk,968d36b2a5,Walcott,Top>Location>GeoPoliticalEntity,1,0,0,1,0,0
www.telegraph.co.uk,06ffdf159b,Aston Villa,Top>Organization>SportsOrganization>SportsTeam,1,0,0,1,0,0
www.telegraph.co.uk,__12581071638441986591,Remi Garde,Top>Person>FullName,1,0,0,1,0,0
www.telegraph.co.uk,__11012423388904893019,John Longworth,Top>Person>FullName,0,1,0,0,1,0
www.telegraph.co.uk,118b5b0c59,Halifax,Top>Person>LastName,1,0,0,1,0,0
www.telegraph.co.uk,deffb60a5a,Halifax,Top>Location>GeoPoliticalEntity>City,1,0,0,1,0,0
www.telegraph.co.uk,2f393abea3,Isa,Top>Person>FirstName,0,1,0,1,0,0
www.telegraph.co.uk,__162005764667997066,George Osborne,Top>Person>FullName,1,0,0,1,0,0
www.telegraph.co.uk,__1098597556736283000,Tony Neate,Top>Person>FullName,0,0,1,0,0,1
www.telegraph.co.uk,__10513257318977349692,Tottenham Photo,Top,0,0,1,1,0,0
www.telegraph.co.uk,__13881441747867626784,Mauricio Pochettino,Top>Person>FullName,0,0,1,1,0,0
www.telegraph.co.uk,7a57e419c8,Connor,Top>Person>FirstName,1,0,0,1,0,0
www.telegraph.co.uk,__5449390920117899755,Cool Beans,Top,1,0,0,1,0,0
www.telegraph.co.uk,a85fbb1a3b,Waitrose,Top>Organization>Company>IndustrialCompany,1,0,0,1,0,0
www.telegraph.co.uk,7421f2fc6a,India,Top>Location>GeoPoliticalEntity>Country,1,0,0,1,0,0
www.telegraph.co.uk,a3fb410523,Domino's Pizza, Inc.,Top>Organization>Company>ConsumerGoodsCompany>Discretionary>ConsumerServicesCompany>Restaurants,1,0,0,1,0,0
www.telegraph.co.uk,38f987ea32,European Central Bank,Top>Organization,1,0,0,1,0,0
www.telegraph.co.uk,851023fe9e,J Sainsbury,Top>Organization>Company>IndustrialCompany,0,0,1,1,0,0
www.telegraph.co.uk,b27fa3605f,Morrison,Top>Person>LastName,1,0,0,1,0,0
www.telegraph.co.uk,__1494484619785938603,Peter Spalton,Top>Person>FullName,0,0,1,1,0,0
www.telegraph.co.uk,__8306927193093414808,Match.com,Top>Id>Url,1,0,0,1,0,0
www.telegraph.co.uk,d986b760fb,eHarmony,Top>Organization>Company,0,0,1,1,0,0
www.telegraph.co.uk,__11719648518350839455,Pc Rathband,Top,0,1,0,0,1,0
www.telegraph.co.uk,__1742835514894663096,Northumbria Police,Top>Organization>Military>Police,0,1,0,0,1,0
www.telegraph.co.uk,__3457016837967305945,Raoul Moat,Top>Person>FullName,0,1,0,0,1,0
www.telegraph.co.uk,18433c48cb,ISIS,Top>Organization>TerroristOrganization,0,1,0,0,0,1
www.telegraph.co.uk,883a76e136,Donald Trump,Top>Person>FullName,2,1,1,2,0,2
www.telegraph.co.uk,d0933d2776,Hillary Clinton,Top>Person>FullName,0,0,1,0,0,1
www.telegraph.co.uk,a311ecd837,Munich,Top>Location>GeoPoliticalEntity>City,0,1,1,0,2,0
www.telegraph.co.uk,__14417733523388824872,Jeremy Hughes,Top>Person>FullName,0,1,0,0,0,1
www.telegraph.co.uk,ef97b5e137,NHS,Top>Organization>Government,0,1,0,0,0,1
www.telegraph.co.uk,__11467867916740304771,Elon Musk,Top,1,0,0,1,0,0
www.telegraph.co.uk,aa0138268d,NASA,Top>Organization>Government,0,0,1,1,0,0
www.telegraph.co.uk,2430c0e203,Jato,Top>Person>LastName,1,0,0,0,1,0
www.telegraph.co.uk,__1966380867311086074,Vauxhall Corsa,Top,0,0,1,0,1,0
www.telegraph.co.uk,__8018170258469335018,Vauxhall Astra,Top,1,0,0,0,1,0
www.telegraph.co.uk,f22e413080,CCTV,Top>OtherEntity>MethodSystem,1,0,0,0,0,1
www.telegraph.co.uk,__2618771892390144480,Deborah Molloy,Top>Person>FullName,0,1,0,0,1,0
www.telegraph.co.uk,0cbf025ac7,Harry,Top>Person>LastName,0,0,1,1,0,0
www.telegraph.co.uk,93986ba676,Mussolini,Top>Person>FullName,0,1,0,0,1,0
www.telegraph.co.uk,__5815186712150425616,Bruno Lonati,Top>Person>FullName,0,1,0,0,1,0
www.telegraph.co.uk,__15623682048522447488,Lorenzo Cohen,Top>Person>FullName,0,0,1,0,1,0
www.telegraph.co.uk,__7931791706914615441,Simon Danczuk,Top>Person>FullName,0,1,0,0,1,0
www.telegraph.co.uk,__16670640301307523697,Tony Martin,Top>Person>FullName,0,1,0,0,0,1
www.telegraph.co.uk,2a8f78d0f0,Paris,Top>Location>GeoPoliticalEntity>City,0,3,0,0,2,1
www.telegraph.co.uk,__11291008947745539363,Police chiefs,Top>OtherEntity>Title,0,1,0,0,1,0
www.telegraph.co.uk,__2643761481662161175,St. George's Hospital,Top>Organization>Company>HealthcareCompany>HealthcareServicesCompany>Hospitals,0,1,0,0,1,0
www.telegraph.co.uk,__3974637616687429716,Fleet,Top>Location,0,0,1,0,1,0
www.telegraph.co.uk,f51c07c719,Hampshire,Top>Location>GeoPoliticalEntity>Adm2,0,0,1,0,1,0
www.telegraph.co.uk,3e185eb422,Pakistan,Top>Location>GeoPoliticalEntity>Country,1,0,0,0,1,0
www.telegraph.co.uk,4c1c5cf3a1,Afghanistan,Top>Location>GeoPoliticalEntity>Country,0,0,1,0,1,0
www.telegraph.co.uk,6981880f4a,Lehman Brothers,Top>Organization>Company>FinancialCompany>BankingCompany>InvestmentServices,0,0,1,0,1,0
www.telegraph.co.uk,__13816770668738194247,Schiphol Airport,Top>Location>Facility>StationTop>Airport,0,0,1,0,1,0
www.telegraph.co.uk,__15779745664497233538,police spokesman,Top>OtherEntity>Title,0,0,1,0,1,0
www.telegraph.co.uk,__5534113029526462940,Amsterdam airport,Top>Location>Facility>StationTop>Airport,0,1,0,0,1,0
www.telegraph.co.uk,__16664666907529476961,Western Muslims,Top,0,1,0,0,0,1
www.telegraph.co.uk,__17966647976806560599,Salah Abdeslam,Top,0,0,1,0,1,0
www.telegraph.co.uk,__17327014378721164576,San Diego State University,Top>Organization>EducationalOrganization>University,0,0,1,0,1,0
www.telegraph.co.uk,__4923258777044875968,Georg Matt,Top>Person>FullName,0,0,1,0,1,0
www.telegraph.co.uk,__17163867174265689095,David Nylan,Top>Person>FullName,1,0,0,0,0,1
www.telegraph.co.uk,a4bce518a8,Lotto,Top>Person>LastName,0,0,1,0,0,1
www.telegraph.co.uk,d64f777a7a,Camelot,Top>Organization>Company,1,0,0,0,0,1
www.telegraph.co.uk,__14480493540303062363,Environment Agency,Top>Organization,0,1,0,0,1,0
www.telegraph.co.uk,816a9d9de4,Jeremy Corbyn,Top>Person>FullName,2,0,0,1,0,1
www.telegraph.co.uk,__15412298616760780285,Labour Business,Top,1,0,0,0,0,1
www.telegraph.co.uk,__3420570611420107140,Cargill Meat Solutions,Top,0,0,1,1,0,0
www.telegraph.co.uk,e9ba08ea58,Denver,Top>Location>GeoPoliticalEntity>City,0,0,1,1,0,0
www.telegraph.co.uk,ee9dee220a,American Broadcasting Companies,Top>Organization>Company>ConsumerGoodsCompany>Discretionary>ConsumerServicesCompany>MediaCompany,0,0,1,1,0,0
www.telegraph.co.uk,__5621304980525656365,Bishop Bell,Top,0,1,0,0,1,0
www.telegraph.co.uk,6b16477e96,Tagore,Top>Person>LastName,0,0,1,0,0,1
www.telegraph.co.uk,c8ba3a800e,Fang,Top>Person>FirstName,0,1,0,0,0,1
www.telegraph.co.uk,d8ba5ca75e,Tang,Top>Person>LastName,0,0,1,0,0,1
www.telegraph.co.uk,__10200937190960782422,Liam Hewitson,Top>Person>FullName,0,1,0,0,1,0
www.telegraph.co.uk,045c4bd46d,Scotland Yard,Top>Organization>Military>Police,0,1,0,0,1,0
www.telegraph.co.uk,__4744188862244709855,Scottish Environment Minister,Top,0,1,0,0,1,0
www.telegraph.co.uk,__17654371455410819917,Ntokobo Qwabe,Top,0,0,1,1,0,0
www.telegraph.co.uk,3ada483c64,International Diabetes Federation,Top>Organization>InternationalOrganization,0,1,0,0,1,0
www.telegraph.co.uk,__7171164960113192229,Samir Ahmed Photo,Top,0,0,1,0,1,0
www.telegraph.co.uk,__8197369654465214709,Samir Awad,Top>Person>FullName,1,0,0,0,1,0
www.telegraph.co.uk,60e4440d9d,Virgin,Top>Organization>ArtisticOrganization>MusicGroup,0,0,1,1,0,0
www.telegraph.co.uk,20ecea59cd,Leigh,Top>Location>GeoPoliticalEntity,1,0,0,0,1,0
www.telegraph.co.uk,__4770707549083864936,Whistling Wren,Top,1,0,0,0,1,0
www.telegraph.co.uk,__14976493522205205434,Joseph Weld,Top>Person>FullName,1,0,0,1,0,0
www.telegraph.co.uk,__2933363331667441212,Humphrey Weld,Top>Person>FullName,1,0,0,1,0,0
www.telegraph.co.uk,__5912081624065575548,Thomas Weld,Top>Person>FullName,1,0,0,1,0,0
www.telegraph.co.uk,77ba036a3a,Adolf Hitler,Top>Person>FullName,0,0,1,0,0,1
www.telegraph.co.uk,91269c4360,Recep Tayyip Erdogan,Top>Person>FullName,1,0,0,0,0,1
www.telegraph.co.uk,__6284777972731800790,Jeroen Ensink,Top>Person>FullName,0,1,0,0,0,1
www.telegraph.co.uk,__15383577891267102932,Dennis Griffiths,Top>Person>FullName,1,0,0,1,0,0
www.telegraph.co.uk,__5305464215344708448,London Evening Standard,Top,1,0,0,1,0,0
www.telegraph.co.uk,d1ecd79606,Fleet Street,Top>Location>Facility>Line,1,0,0,1,0,0
www.telegraph.co.uk,__11474065134176639596,Gilbert Kaplan,Top>Location>GeoPoliticalEntity,0,2,0,2,0,0
www.telegraph.co.uk,ca9df0b53a,Presedo,Top>Person>LastName,0,0,1,0,0,1
www.telegraph.co.uk,f8483f542e,Syria,Top>Location>GeoPoliticalEntity>Country,0,0,1,0,0,1
www.telegraph.co.uk,ff4cfcd21d,Dubai,Top>Location>GeoPoliticalEntity>Adm2,0,0,1,1,0,0
www.telegraph.co.uk,__17551116414663377889,Portmellon,Top,0,1,0,0,1,0
www.telegraph.co.uk,__9786829411266807435,Mevagissey,Top>Location,0,1,0,0,1,0
www.telegraph.co.uk,4392af74a4,Victoria Falls,Top>Location>GeoPoliticalEntity,1,0,0,0,1,0
www.telegraph.co.uk,937edde73a,Robert Mugabe,Top>Person>FullName,0,1,0,0,1,0
www.telegraph.co.uk,__16997979218082907659,Patrick Mugadza,Top>Person>FullName,0,0,1,0,1,0
www.telegraph.co.uk,__15082857481121613649,Bridget Woodhall,Top>Person>FullName,0,0,1,0,1,0
www.telegraph.co.uk,__1633111808441801741,Inspectorate of Constabulary,Top,1,0,0,0,1,0
www.telegraph.co.uk,__7887037260911530670,Gloucestershire Police,Top>Organization>Military>Police,0,1,0,0,1,0
www.telegraph.co.uk,466017df9e,Michelangelo,Top>Person>FirstName,1,0,0,0,1,0
www.telegraph.co.uk,__18051277442308609257,Adam,Top>Person,1,0,0,0,1,0
www.telegraph.co.uk,ba48148fda,Manchester,Top>Location>GeoPoliticalEntity>City,0,0,1,0,1,0
www.telegraph.co.uk,701f8897f1,Taiwan,Top>Location>GeoPoliticalEntity>Adm1,0,0,1,0,0,1
www.telegraph.co.uk,__8319231566422922127,David Archer,Top>Person>FullName,1,0,0,0,0,1
www.telegraph.co.uk,__15688658556646713521,Ted Short,Top>Person>FullName,1,0,0,0,0,1
www.telegraph.co.uk,__13588361428130496687,Conservative Budget,Top,1,0,0,0,0,1
www.telegraph.co.uk,f6cfaff330,Tony Blair,Top>Person>FullName,0,1,0,0,0,1
www.telegraph.co.uk,__15852196053309478080,Telegraph Media Group,Top>Organization,1,0,0,1,0,0
www.telegraph.co.uk,__6675763669084522151,Karen Danczuk,Top>Person>FullName,0,1,0,0,1,0
www.telegraph.co.uk,__7719705611897007848,Simon Danczuk Photo,Top,0,1,0,0,1,0
www.telegraph.co.uk,__17651750253622362146,David Mitchell,Top>Person>FullName,1,0,0,1,0,0
www.telegraph.co.uk,__10142645875993354770,Mark Dampier,Top>Person>FullName,2,0,0,2,0,0
www.telegraph.co.uk,__12706581624369530066,Eclectica Asset Management,Top,0,0,2,2,0,0
www.telegraph.co.uk,__4878313553686063044,Hugh Hendry,Top>Person>FullName,2,0,0,2,0,0
www.telegraph.co.uk,__17204499190567844417,AA,Top,1,0,0,1,0,0
www.telegraph.co.uk,__17665939518311687102,Karen O'Brien,Top>Person>FullName,0,1,0,0,0,1
www.telegraph.co.uk,__11663134913971812434,Baxalta,Top,0,1,0,1,0,0
www.telegraph.co.uk,14883c3dc2,Sunderland,Top>Location>GeoPoliticalEntity>City,1,0,0,1,0,0
www.telegraph.co.uk,641b4d9626,BBC World,Top>Organization>Company>ConsumerGoodsCompany>Discretionary>ConsumerServicesCompany>MediaCompany,0,1,0,1,0,0
www.telegraph.co.uk,62530fe3cd,BMW,Top>Organization>Company>ConsumerGoodsCompany>Discretionary>AutomobileCompany,1,0,0,1,0,0
www.telegraph.co.uk,90a226f20f,BMW,Top>Product>Machine>Vehicle>Car,1,0,0,1,0,0
www.telegraph.co.uk,__17196217792737837078,Autonomous Emergency Braking,Top,0,0,1,1,0,0
www.telegraph.co.uk,e6ed3c35c7,George Lucas,Top>Person>FullName,1,0,0,1,0,0
www.telegraph.co.uk,25653f61af,Mary,Top>Person>FirstName,1,0,0,1,0,0
www.telegraph.co.uk,__14279790658074642175,Medical Officer Dame,Top,0,1,0,0,1,0
www.telegraph.co.uk,__5558803923781533070,Damon Lindelof,Top>Person>FullName,1,0,0,1,0,0
www.telegraph.co.uk,e4f4fe5d17,Netflix,Top>Organization>Company>ConsumerGoodsCompany>Discretionary>ConsumerServicesCompany>MediaCompany,0,0,2,1,0,1
www.telegraph.co.uk,__3553567087073874255,Steven Avery,Top>Person>FullName,1,0,0,0,0,1
www.telegraph.co.uk,__5244951267855458040,Murderer Photo,Top,1,0,0,0,0,1
www.telegraph.co.uk,__1541453274704128071,Emotient,Top,1,0,0,1,0,0
www.telegraph.co.uk,97701b905d,PlayStation 4,Top>Product>CulturalProduct>Game,1,0,0,1,0,0
www.telegraph.co.uk,__16462454568360120459,VR,Top,1,0,0,1,0,0
www.telegraph.co.uk,fd29b4238a,Sony,Top>Organization>Company>ConsumerGoodsCompany>Discretionary>ConsumerDurablesCompany,0,1,0,1,0,0
www.telegraph.co.uk,3498f4a796,iPhone,Top>Product>Machine>ElectronicAppliance>MobilePhone,0,1,0,0,0,1
www.telegraph.co.uk,56297ad743,Consumer Electronics Show,Top>Event,1,0,0,1,0,0
www.telegraph.co.uk,__16211991677498157931,Oxford University Students,Top,1,0,0,0,0,1
www.telegraph.co.uk,__14647977828231271967,Motorola Solutions,Top,1,0,0,1,0,0
www.telegraph.co.uk,__4775855748335309802,Motorola Razr,Top,1,0,0,1,0,0
www.telegraph.co.uk,__7889739434128230997,Motorola Mobility,Top,1,0,0,1,0,0
www.telegraph.co.uk,__3166928989111856497,Passmore,Top>Person>FullName,0,0,1,0,0,1
www.telegraph.co.uk,__525541114237486053,Oxbridge Applications,Top,0,0,1,1,0,0
www.telegraph.co.uk,f73b5b92a6,Onsted,Top>Location>GeoPoliticalEntity,1,0,0,1,0,0
www.telegraph.co.uk,3f68e958f2,Gareth Frank Bale,Top>Person>FullName,1,0,0,1,0,0
www.telegraph.co.uk,ddb68d5ba2,Manchester United,Top>Organization>SportsOrganization>SportsTeam,1,0,0,1,0,0
www.telegraph.co.uk,5eed355e57,Southampton,Top>Organization>SportsOrganization>SportsTeam,1,0,0,1,0,0
www.telegraph.co.uk,9e2cb99dcd,Will Ferrell,Top>Person>FullName,1,0,0,1,0,0
www.telegraph.co.uk,13e8aa5bd5,El Salvador,Top>Location>GeoPoliticalEntity>Country,0,1,0,0,1,0
www.telegraph.co.uk,__18275635086655673994,Northern Triangle,Top>Location,0,1,0,0,1,0
www.telegraph.co.uk,__9987016140637254764,Laura Hall,Top>Person>FullName,0,1,0,0,1,0
www.telegraph.co.uk,__1928817731474656204,Arthur Simpson-Kent,Top>Person>FullName,0,0,1,0,0,1
www.telegraph.co.uk,__2966366294783881332,Sian Blake Photo,Top,0,1,0,0,0,1
www.telegraph.co.uk,fbfb029fc8,Blake,Top>Person>FirstName,0,1,0,0,0,1
www.telegraph.co.uk,eb91472d2d,Gates,Top>Person>LastName,0,0,1,0,0,1
www.telegraph.co.uk,67c4ed86b7,Hurst,Top>Person>LastName,1,0,0,1,0,0
www.telegraph.co.uk,__17103717627678038706,Alex King,Top>Person>FullName,1,0,0,0,0,1
www.telegraph.co.uk,a4a7bdba26,Marco Rubio,Top>Person>FullName,1,0,0,1,0,0
www.telegraph.co.uk,__13350976915979931917,John Cleese,Top>Person>FullName,1,0,0,0,0,1
www.telegraph.co.uk,fe95c3c4c1,Hezbollah,Top>Organization>TerroristOrganization,0,0,1,0,1,0
www.telegraph.co.uk,__12636041417118518816,Gareth Crowe,Top>Person>FullName,0,1,0,0,1,0
www.telegraph.co.uk,__6721956539084708082,James Norton,Top>Person>FullName,0,1,0,0,1,0
www.telegraph.co.uk,733356dae4,Six Nations,Top>Event>Occasion>Games,0,0,1,0,0,1
www.telegraph.co.uk,__11346289977825442189,UCI,Top,1,0,0,1,0,0
www.telegraph.co.uk,__12349691082352079553,Driessche,Top,1,0,0,1,0,0
www.telegraph.co.uk,c5ceb64df2,Abraham Olano,Top>Person>FullName,1,0,0,1,0,0
www.telegraph.co.uk,b63f2e8a0c,North Korea,Top>Location>GeoPoliticalEntity>Country,0,1,0,0,1,0
www.telegraph.co.uk,__1266513784327392971,Andrew Davies,Top>Person>FullName,1,0,0,1,0,0
www.telegraph.co.uk,__2743290373501024926,Mike Fairclough,Top>Person>FullName,1,0,0,0,0,1
www.telegraph.co.uk,1a666ec6ed,JosÃ© Mourinho,Top>Person>FullName,0,1,0,1,0,0
www.telegraph.co.uk,__9476473594809964213,Shakespeare Live,Top,1,0,0,1,0,0